[
    {
        "name": "阿尔及利亚",
        "value": 0,
        "leader": 0,
        "young": 4.0
    },
    {
        "name": "埃及",
        "value": 0,
        "leader": 0,
        "young": 2.0
    },
    {
        "name": "爱尔兰",
        "value": 0,
        "leader": 1.0,
        "young": 0
    },
    {
        "name": "奥地利",
        "value": 0,
        "leader": 0,
        "young": 1.0
    },
    {
        "name": "澳大利亚",
        "value": 7.0,
        "leader": 3.0,
        "young": 2.0,
        "itemStyle": {
            "color": "#a0522d"
        }
    },
    {
        "name": "巴基斯坦",
        "value": 1.0,
        "leader": 5.0,
        "young": 0,
        "itemStyle": {
            "color": "#f5f5dc"
        }
    },
    {
        "name": "巴西",
        "value": 1.0,
        "leader": 0,
        "young": 0,
        "itemStyle": {
            "color": "#f5f5dc"
        }
    },
    {
        "name": "比利时",
        "value": 1.0,
        "leader": 0,
        "young": 0,
        "itemStyle": {
            "color": "#f5f5dc"
        }
    },
    {
        "name": "波兰",
        "value": 0,
        "leader": 0,
        "young": 1.0
    },
    {
        "name": "朝鲜",
        "value": 1.0,
        "leader": 0,
        "young": 0,
        "itemStyle": {
            "color": "#f5f5dc"
        }
    },
    {
        "name": "丹麦",
        "value": 1.0,
        "leader": 0,
        "young": 1.0,
        "itemStyle": {
            "color": "#f5f5dc"
        }
    },
    {
        "name": "德国",
        "value": 6.0,
        "leader": 0,
        "young": 1.0,
        "itemStyle": {
            "color": "#cd853f"
        }
    },
    {
        "name": "俄罗斯",
        "value": 2.0,
        "leader": 1.0,
        "young": 0,
        "itemStyle": {
            "color": "#f5deb3"
        }
    },
    {
        "name": "法国",
        "value": 7.0,
        "leader": 0,
        "young": 0,
        "itemStyle": {
            "color": "#a0522d"
        }
    },
    {
        "name": "芬兰",
        "value": 0,
        "leader": 0,
        "young": 1.0
    },
    {
        "name": "韩国",
        "value": 6.0,
        "leader": 0,
        "young": 0,
        "itemStyle": {
            "color": "#cd853f"
        }
    },
    {
        "name": "荷兰",
        "value": 4.0,
        "leader": 0,
        "young": 0,
        "itemStyle": {
            "color": "#f4a460"
        }
    },
    {
        "name": "加拿大",
        "value": 4.0,
        "leader": 0,
        "young": 0,
        "itemStyle": {
            "color": "#f4a460"
        }
    },
    {
        "name": "科威特",
        "value": 0,
        "leader": 0,
        "young": 1.0
    },
    {
        "name": "罗马尼亚",
        "value": 0,
        "leader": 1.0,
        "young": 0
    },
    {
        "name": "马来西亚",
        "value": 1.0,
        "leader": 0,
        "young": 3.0,
        "itemStyle": {
            "color": "#f5f5dc"
        }
    },
    {
        "name": "美国",
        "value": 45.0,
        "leader": 7.0,
        "young": 14.0,
        "itemStyle": {
            "color": "#b22222"
        }
    },
    {
        "name": "墨西哥",
        "value": 1.0,
        "leader": 0,
        "young": 0,
        "itemStyle": {
            "color": "#f5f5dc"
        }
    },
    {
        "name": "挪威",
        "value": 1.0,
        "leader": 1.0,
        "young": 0,
        "itemStyle": {
            "color": "#f5f5dc"
        }
    },
    {
        "name": "葡萄牙",
        "value": 0,
        "leader": 0,
        "young": 2.0
    },
    {
        "name": "日本",
        "value": 4.0,
        "leader": 0,
        "young": 6.0,
        "itemStyle": {
            "color": "#f4a460"
        }
    },
    {
        "name": "瑞典",
        "value": 3.0,
        "leader": 1.0,
        "young": 0,
        "itemStyle": {
            "color": "#deb887"
        }
    },
    {
        "name": "瑞士",
        "value": 2.0,
        "leader": 0,
        "young": 1.0,
        "itemStyle": {
            "color": "#f5deb3"
        }
    },
    {
        "name": "沙特阿拉伯",
        "value": 2.0,
        "leader": 7.0,
        "young": 1.0,
        "itemStyle": {
            "color": "#f5deb3"
        }
    },
    {
        "name": "泰国",
        "value": 0,
        "leader": 1.0,
        "young": 0
    },
    {
        "name": "土耳其",
        "value": 0,
        "leader": 3.0,
        "young": 0
    },
    {
        "name": "威尔士",
        "value": 0,
        "leader": 0,
        "young": 2.0
    },
    {
        "name": "乌克兰",
        "value": 0,
        "leader": 0,
        "young": 1.0
    },
    {
        "name": "西班牙",
        "value": 2.0,
        "leader": 0,
        "young": 0,
        "itemStyle": {
            "color": "#f5deb3"
        }
    },
    {
        "name": "新加坡",
        "value": 2.0,
        "leader": 0,
        "young": 0,
        "itemStyle": {
            "color": "#f5deb3"
        }
    },
    {
        "name": "新西兰",
        "value": 1.0,
        "leader": 0,
        "young": 0,
        "itemStyle": {
            "color": "#f5f5dc"
        }
    },
    {
        "name": "伊朗",
        "value": 2.0,
        "leader": 7.0,
        "young": 5.0,
        "itemStyle": {
            "color": "#f5deb3"
        }
    },
    {
        "name": "意大利",
        "value": 5.0,
        "leader": 1.0,
        "young": 2.0,
        "itemStyle": {
            "color": "#d2b48c"
        }
    },
    {
        "name": "印度",
        "value": 4.0,
        "leader": 1.0,
        "young": 0,
        "itemStyle": {
            "color": "#f4a460"
        }
    },
    {
        "name": "英国",
        "value": 14.0,
        "leader": 0,
        "young": 0,
        "itemStyle": {
            "color": "#d2691e"
        }
    },
    {
        "name": "中国",
        "value": 28.0,
        "leader": 18.0,
        "young": 35.0,
        "itemStyle": {
            "color": "#8b4513"
        }
    }
]